序号,链接,节点数
0,https://WRwz8V.mcsslk.xyz/41e4cb8aabd2ad4ef2c28c3e14328b01,0
1,https://gitlab.com/colloq168/nodefiltrate/-/raw/main/filtrate?ref_type=heads,0
2,https://mBClkx.absslk.xyz/6d3e7e5c2eb16392ff26beb0bc5f642d,0
3,https://raw.githubusercontent.com/Alvin9999/pac2/master/clash.meta2/1/config.yaml,0
4,https://raw.githubusercontent.com/Alvin9999/pac2/master/clash.meta2/13/config.yaml,0
5,https://raw.githubusercontent.com/Alvin9999/pac2/master/clash.meta2/15/config.yaml,0
6,https://raw.githubusercontent.com/Alvin9999/pac2/master/clash.meta2/2/config.yaml,0
7,https://raw.githubusercontent.com/Alvin9999/pac2/master/clash.meta2/config.yaml,0
8,https://raw.githubusercontent.com/Huibq/TrojanLinks/master/links/vmess,0
9,https://raw.githubusercontent.com/Surfboardv2ray/TGParse/main/python/hy2,6
10,https://raw.githubusercontent.com/Surfboardv2ray/TGParse/main/python/hysteria2,265
11,https://raw.githubusercontent.com/qjlxg/hy2/main/splitted/hy2,0
12,https://raw.githubusercontent.com/ripaojiedian/freenode/main/clash,18
13,https://raw.githubusercontent.com/ripaojiedian/freenode/main/sub,18
14,https://raw.githubusercontent.com/zhangkaiitugithub/passcro/main/speednodes.yaml,3
15,dynamic://peasoft,0

总计,,150
